Brigitte,Anselmo,42
Alberta,Carroll,15
Valeria,Andrews,12
Mary,Walker,5
Roman,Thomas,74
Adele,Montgomery,21
Spike,Mason,2
Edwin,Richards,8
Alina,Evans,14
Jenna,Reed,49
Brad,Douglas,32
Oliver,Jones,102
Bruce,Barrett,53
Dale,Parker,57
Lucy,Baker,101
Julian,Russell,65
Amelia,Baker,87
Kristian,Rogers,2
Hailey,Crawford,19
Lily,Miller,84
Clark,Ross,12
Rebecca,Williams,30
Natalie,Hall,29
Valeria,Farrell,27
Steven,Turner,74
Julian,Stewart,11
Sophia,Bailey,67
Sienna,Russell,9
Amanda,Stevens,95
Paul,Fowler,41
Valeria,Robinson,86
Sofia,Spencer,51
Dainton,Davis,79
Lucia,Elliott,39
Martin,Johnston,94
Myra,Allen,62
Victoria,Tucker,29
Robert,Morrison,82
Paul,Riley,80
Daryl,Smith,15
Clark,Montgomery,80
Sofia,Payne,102
Lucia,Payne,84
Michael,Morgan,75
Paige,Mason,51
Caroline,Roberts,36
Deanna,Reed,16
Tony,Roberts,46
Melissa,Phillips,65
Adrianna,Russell,70
Garry,Perkins,73
Lana,Higgins,13
Kevin,Richards,17
Samantha,Thomas,85
Sienna,Hamilton,21
James,Higgins,90
Wilson,Taylor,69
Ellia,Johnston,47
Abraham,Cole,42
Violet,Bennett,76
Aldus,Johnston,70
Lily,Carter,58
John,Carter,2
Agata,Scott,53
Sienna,Sullivan,23
Byron,Ryan,60
Maximilian,Myers,78
Naomi,Mason,93
Dale,Cole,5
Wilson,Thomas,60
Alexia,Bailey,49
Daryl,Hill,46
Lucia,Jones,97
Jenna,Nelson,95
Amber,Cunningham,32
Kelvin,Grant,38
Carlos,Cooper,82
Alexander,Perry,93
Joyce,Fowler,28
Rebecca,Morris,75
James,Mitchell,13
Preston,Andrews,87
Henry,Hill,88
Carina,Thompson,71
Ryan,Craig,6
Wilson,Sullivan,51
Hailey,Gibson,86
Julia,Murphy,72
Stuart,Perry,14
Amelia,Morrison,88
David,Stewart,35
Martin,Ryan,20
Dominik,Allen,7
Caroline,Allen,92
Sabrina,Barnes,5
Michael,Grant,90
Adrianna,Evans,9
Maya,Clark,53
Belinda,Jones,12
Byron,Edwards,71
Michelle,Henderson,93
Daisy,Perry,7
Wilson,Thompson,101
Michael,Douglas,91
Albert,Brooks,85
George,Ryan,17
Nicholas,Foster,82
Kelvin,Barrett,28
Mike,Riley,57
Michelle,Douglas,62
Adrian,Casey,64
Haris,Chapman,42
Jack,Cole,16
Fenton,Evans,55
Roland,Baker,67
Lenny,Myers,3
Eric,Smith,101
Tyler,Hawkins,16
Melissa,Bailey,66
Antony,Turner,54
Vincent,Williams,44
Jacob,Kelly,13
Frederick,Campbell,27
Evelyn,Riley,19
Tyler,Elliott,44
Alexia,Edwards,49
Arianna,Jones,22
Oliver,Fowler,92
Jasmine,Ross,25
Walter,Ross,25
Sam,Tucker,40
Roland,Murray,81
Amy,Carter,29
Michelle,Ross,57
Rafael,Hall,36
Edgar,Campbell,30
Tyler,Ryan,69
Kevin,Elliott,54
Stella,Thompson,23
James,Moore,21
Jacob,Ryan,4
Emily,Ross,93
Ryan,Harper,48
Alexia,Reed,79
Vanessa,Adams,99
Kevin,Carter,51
Audrey,Craig,44
Natalie,Johnson,50
Isabella,Foster,24
Carl,Warren,52
Miley,Warren,17
Roman,Morrison,68
Daryl,Edwards,98
Nicole,Hunt,55
Leonardo,Andrews,14
Eddy,Anderson,64
Briony,Allen,24
Agata,Hunt,87
Martin,Stewart,92
Lucas,Wilson,89
Jordan,Ellis,51
Cadie,Thomas,82
Miller,Payne,1
Cherry,Watson,43
Clark,Cameron,48
Nicholas,Hamilton,28
Kristian,Smith,70
Adele,Payne,76
Carl,Murphy,6
Ada,Hall,71
Alberta,Tucker,96
Rafael,Clark,38
Andrew,Barnes,36
Naomi,Johnston,83
Savana,Carter,37
Tiana,Payne,47
Chelsea,Allen,98
Blake,Wilson,10
Jenna,Davis,15
Jenna,Ferguson,81
Lilianna,Lloyd,65
Jordan,Gray,78
Adrian,Harris,33
Byron,Higgins,41
Honey,Brown,84
Anna,Cole,90
Grace,Edwards,23
Amanda,Hamilton,35
Max,Gray,91
Eric,Allen,29
Myra,Cole,2
Ned,Carter,2
Amelia,Elliott,32
Patrick,Morgan,1
Rubie,Gibson,61
Adrian,Stewart,13
Tony,Murphy,25
Tyler,Johnston,52
Catherine,Ferguson,28
Heather,Rogers,102
Ryan,Wilson,28
Fenton,Campbell,67
Kellan,Watson,47
Violet,Harrison,36
Caroline,Wilson,92
Alisa,Sullivan,79
Sofia,Wells,64
John,Riley,50
Vanessa,Clark,101
Violet,Cole,78
Heather,Hamilton,22
Valeria,Roberts,4
Jenna,Harper,11
Owen,Harper,54
Kimberly,Edwards,57
Melissa,Brooks,62
Harold,Elliott,41
Naomi,Holmes,72
Richard,Moore,52
Tony,Evans,12
Ashton,Cameron,21
Brooke,Casey,81
Stella,Tucker,42
Florrie,Hamilton,103
Lucia,West,8
Lucas,Kelly,51
Victor,Johnston,21
Lenny,Andrews,70
Sofia,Dixon,62
Mary,Mason,79
Joyce,Davis,45
David,Evans,26
Sawyer,Scott,88
Thomas,Hill,77
Stuart,Gibson,12
Aida,Hunt,20
Arthur,Cole,5
Walter,Warren,86
Oscar,Stevens,88
Victor,Wright,34
Clark,Hall,2
Garry,Alexander,103
Derek,Brooks,26
Kirsten,Hill,16
Preston,Brooks,28
Adam,Watson,91
Vivian,Farrell,64
Chester,Montgomery,41
Tara,Campbell,15
Garry,Gibson,90
Rafael,Howard,1
Sophia,Stewart,23
Lenny,Hunt,61
Daniel,Cole,38
Alberta,Morris,18
Jordan,Kelly,2
Sydney,Nelson,91
Ted,Cameron,83
James,Gray,89
Michael,Sullivan,11
Sam,Armstrong,47
Martin,Cole,8
Myra,Cooper,21
Valeria,Allen,43
Tyler,Howard,16
Abraham,Brooks,75
Anna,Howard,27
Ellia,Johnston,68
Samantha,Farrell,37
Naomi,Campbell,34
Leonardo,Cooper,52
Carl,Douglas,33
Charlotte,Farrell,87
Roman,Dixon,71
Anna,Chapman,20
Isabella,Howard,77
Henry,Ross,51
Lucia,Ross,103
Mary,Wright,32
Isabella,Ellis,23
Ashton,Watson,76
Valeria,Scott,46
Lyndon,Richards,73
Tyler,Scott,48
Tyler,Watson,97
Preston,Ellis,99
Jared,Thomas,62
Steven,Ross,17
Steven,Casey,42
Harold,Reed,86
Daniel,Ferguson,7
Heather,Morris,70
David,Douglas,21
Martin,West,59
Lily,Jones,77
Edwin,Rogers,13
Miley,Higgins,69
Honey,Nelson,14
Reid,Reed,95
Belinda,Ferguson,23
Sydney,Hamilton,29
Michelle,Chapman,98
Olivia,Craig,65
Vanessa,Watson,57
Rafael,Perkins,26
Jessica,Wright,8
Dainton,Armstrong,79
Kirsten,Miller,58
Bruce,Hall,74
Lana,Adams,31
Thomas,Morris,83
Alexander,Fowler,62
Brad,Craig,81
Cherry,Warren,59
Sydney,Stewart,23
Sam,Campbell,96
Alford,Howard,91
Carina,Rogers,28
Daniel,Stevens,40
Rubie,Lloyd,82
Adrianna,Riley,69
Adele,Evans,67
Maria,Martin,45
Alan,Watson,28
Freddie,Richards,78
Alford,Wells,89
Thomas,Mason,95
Amy,Walker,72
Bruce,Grant,19
Aston,Taylor,82
April,Hunt,88
Julian,Douglas,20
Maria,Chapman,21
Florrie,Jones,56
Edwin,Stevens,62
Lucy,Sullivan,19
Alberta,Stevens,8
Brooke,Fowler,81
Aldus,Montgomery,44
Sydney,Higgins,11
Florrie,Hawkins,37
Penelope,Craig,56
Brad,Perry,18
Preston,Barrett,26
Valeria,Bailey,30
Audrey,Harper,86
Rebecca,Miller,26
Lucy,Douglas,60
Wilson,Elliott,55
Stella,Hawkins,64
Richard,Nelson,30
Valeria,Morgan,1
Alexander,Hall,97
Miranda,Martin,54
Nicole,Wright,37
Elise,Harris,1
Audrey,Casey,59
Lucas,Hill,23
Grace,Richards,66
Valeria,Parker,103
Rubie,Warren,30
Kristian,Hunt,1
Carina,Roberts,12
Justin,Ross,102
Stella,Reed,55
Brad,Bennett,51
Adele,Morgan,40
Jasmine,Wilson,42
Jacob,Rogers,90
Ryan,Tucker,69
Arianna,Crawford,52
Martin,Reed,19
Dominik,Armstrong,43
Jordan,Chapman,22
Lyndon,Wright,48
Arthur,Stewart,91
Abraham,Thomas,18
Alexander,Casey,77
Oliver,Myers,76
Aldus,Armstrong,27
Hailey,Andrews,51
Frederick,Hill,61
Tiana,Cole,2
Melissa,Tucker,75
Charlotte,Stewart,85
Garry,Warren,48
Brad,Hawkins,24
Ryan,Morgan,87
Jacob,Cunningham,55
Adele,Cunningham,103
Alina,Smith,49
Marcus,Moore,9
Miranda,Morgan,31
Victor,Hamilton,68
Florrie,Wells,57
Henry,Cooper,28
Edgar,Russell,90
Alen,Craig,63
Rebecca,Baker,93
Ted,Walker,32
Jasmine,Ryan,60
Kelsey,Tucker,69
Aston,Carter,3
Sienna,Grant,54
Deanna,Sullivan,53
Abraham,Ross,42
Thomas,Walker,65
Lily,Stevens,96
Lucia,Johnston,51
Sarah,Armstrong,2
Maddie,Barrett,36
Lucy,Kelley,36
Deanna,Myers,4
Brad,Fowler,73
Sophia,Miller,2
Adelaide,Roberts,9
Grace,Baker,12
Daniel,Martin,30
Dale,Mitchell,89
Lilianna,Thompson,89
Rubie,Ryan,18
Myra,Taylor,87
Ada,Martin,39
Valeria,Douglas,17
Garry,Owens,44
Kimberly,Kelley,69
Ned,Tucker,103
Oscar,Mitchell,35
Rubie,Scott,12
Melanie,Richards,36
Amanda,Perry,26
Sofia,Clark,37
Samantha,Holmes,81
Carl,Harris,80
Julian,Harrison,41
Michael,Allen,8
Bruce,Jones,69
Ted,Morgan,18
Adrianna,Myers,13
Vanessa,Smith,31
Evelyn,Myers,19
James,Lloyd,38
Jack,Russell,11
Amy,Montgomery,68
Lucia,Craig,68
Lyndon,Williams,97
Vanessa,Carroll,8
Michael,Morrison,85
Vanessa,Russell,45
Maximilian,Edwards,20
Daniel,Payne,23
Kelvin,Harper,56
Martin,Wright,51
Alan,Lloyd,26
Lydia,Reed,40
Rafael,Murray,11
Mary,Cole,36
Chelsea,Payne,50
Paul,Alexander,38
Emma,Chapman,103
Roman,Allen,91
Carina,Reed,79
Maximilian,Adams,93
Lenny,Hall,10
Lana,Brown,12
Kate,Cameron,55
Kellan,Wells,63
Cherry,Cooper,93
Ada,Rogers,17
Amy,Roberts,57
Edith,West,6
Andrew,Rogers,56
Blake,Casey,66
Olivia,Kelley,99
Melanie,Rogers,66
Kimberly,Evans,21
Oscar,Carroll,81
Lydia,Howard,40
Melissa,Thompson,102
Brianna,Turner,91
Victor,Alexander,30
Dominik,Johnston,17
Jared,Rogers,78
Carlos,Johnston,45
Olivia,Thomas,20
Honey,Stevens,98
Fiona,Roberts,45
Bruce,Kelley,74
Eddy,Hawkins,2
Martin,Harper,39
Jacob,Gibson,53
Alberta,Jones,19
Carina,Casey,71
Emily,Taylor,34
Carlos,Roberts,70
Ada,Perkins,25
Luke,Riley,27
Alexander,Morgan,56
Harold,Scott,69
Florrie,Cole,8
Derek,Cole,31
Adam,Lloyd,49
James,Hill,95
Alan,Hunt,8
Antony,Thompson,62
Thomas,Wells,39
Chelsea,Myers,82
Charlotte,Jones,91
Daisy,Davis,45
Rebecca,Lloyd,7
Aida,Watson,73
Deanna,Allen,43
Adam,Rogers,19
Chelsea,Smith,86
Chester,Henderson,37
Ellia,Barnes,86
Kristian,Thomas,82
John,Walker,55
Edward,Cole,10
Chelsea,Casey,76
Penelope,Carroll,11
Alisa,Cooper,57
Reid,Evans,50
Haris,Chapman,48
Deanna,Grant,46
Brad,Cunningham,50
Clark,Reed,25
Kellan,Adams,99
Lucia,Harrison,1
Rubie,Payne,42
Maximilian,Roberts,44
Madaline,Mitchell,38
Alexia,Thomas,89
Brad,Henderson,16
Dainton,Ellis,84
William,Johnson,53
April,Adams,28
Jessica,Anderson,15
Adrianna,Scott,55
Roman,Robinson,41
Abigail,Turner,82
Abraham,Walker,18
Sabrina,Hawkins,91
Alen,Richardson,66
Alan,Gibson,78
Carl,Lloyd,30
Emma,Mitchell,92
Tess,Foster,73
Preston,Smith,82
Brad,Scott,30
Adison,Alexander,53
Byron,Roberts,23
Fiona,Watson,18
Audrey,Hamilton,59
Isabella,Kelly,92
Vivian,Cameron,78
Sarah,Morris,12
Amanda,Anderson,84
Lucia,Chapman,23
Clark,Riley,94
Elian,Kelley,74
Alford,Ross,6
Paige,Riley,36
Adelaide,Mason,102
Arthur,Nelson,68
Kimberly,Bennett,35
Elise,Murphy,23
Vincent,Hunt,98
Jacob,Hawkins,99
Ada,Williams,74
John,Ross,62
Rebecca,Harper,52
Edith,Murphy,25
Heather,Jones,78
Daniel,Ellis,62
Amber,Kelly,16
Bruce,Miller,40
Derek,Henderson,82
Mary,Cunningham,10
Daryl,Brown,18
Sofia,Walker,59
Myra,Walker,33
Emily,Higgins,63
Charlie,Stevens,22
Miller,Armstrong,38
Emma,Foster,2
Sawyer,Edwards,30
Florrie,Elliott,49
Kristian,Phillips,58
Kimberly,Nelson,12
Abraham,Payne,77
Wilson,Richardson,41
Kelsey,Ellis,43
Alina,Morris,44
Cherry,Hawkins,42
Adam,Clark,101
Richard,Morris,83
Caroline,Murray,13
Brad,Ross,86
Robert,Hall,30
Miller,Brooks,31
Byron,Robinson,49
Isabella,Holmes,95
Aida,Ellis,8
Albert,Ferguson,62
Brianna,Hall,39
Honey,Ross,82
Preston,Nelson,91
Charlotte,Cunningham,45
Florrie,Cole,7
Jared,Elliott,73
Henry,Hall,43
Jack,Crawford,19
Jessica,Evans,86
Thomas,Ferguson,37
Audrey,Morgan,86
Alina,Dixon,82
Kirsten,Brooks,55
Abigail,Brown,10
Vanessa,Thompson,76
Justin,Hill,11
Cadie,Gibson,57
Byron,Moore,50
Florrie,Scott,48
Edward,Armstrong,46
Andrew,Walker,50
Derek,Mitchell,25
Fiona,Richardson,99
Arnold,Howard,1
Adison,Hill,42
Alford,Barrett,44
Alford,Cameron,38
Catherine,Elliott,89
Daryl,Fowler,16
Adrian,Casey,84
Heather,Chapman,53
Amelia,Sullivan,28
James,Rogers,15
Aida,Thomas,55
Alan,Bennett,41
Alexander,Hall,82
Garry,Casey,18
James,Bailey,91
Anna,Richardson,66
Valeria,Montgomery,78
Amber,Morgan,30
Paige,Nelson,92
Lily,Foster,73
Melanie,Thompson,82
Oscar,Wilson,30
Miller,Sullivan,53
Byron,Campbell,23
David,Chapman,18
Arnold,Higgins,59
Lyndon,Tucker,92
Nicole,Montgomery,78
Eleanor,Parker,12
Richard,Williams,84
Miranda,Barnes,23
Daniel,Williams,94
Dexter,Anderson,74
David,Foster,6
Jasmine,Montgomery,36
Brooke,Jones,102
Dexter,Owens,68
Gianna,Robinson,35
Emily,Kelley,23
Adrianna,Moore,98
Aida,Parker,99
Tiana,Myers,74
Lily,Campbell,62
Joyce,Nelson,52
Camila,Thompson,25
Anna,Murray,78
Camila,Grant,62
Martin,Alexander,16
Honey,Hill,40
Owen,Hall,82
Sawyer,Howard,10
Miranda,Stewart,18
Ashton,Johnson,59
Daryl,Stevens,33
Abraham,Miller,63
William,Howard,22
Frederick,Crawford,38
Luke,Hall,2
Alen,Turner,30
Sofia,Stewart,49
Fiona,West,58
Max,Thomas,12
Alfred,Brooks,77
Mike,Dixon,41
Michael,Owens,43
Anna,Owens,44
Miley,Hall,42
Alexander,Scott,101
Daniel,Cole,83
Adison,Higgins,13
Kevin,Lloyd,86
Edward,Hamilton,30
Lyndon,Mason,34
Adison,Craig,22
Aiden,Barnes,86
Sienna,Andrews,80
Jasmine,Cameron,82
Antony,Owens,68
Briony,Reed,93
Kirsten,Elliott,10
Maddie,Farrell,93
Arnold,Murphy,18
Patrick,Johnson,37
Frederick,Cameron,61
Paige,Warren,18
Joyce,Payne,95
Maddie,Alexander,30
Leonardo,Armstrong,82
Tiana,Russell,34
Richard,Turner,66
Thomas,Grant,17
Anna,Andrews,3
Jared,Ellis,74
Alen,Kelly,37
Edwin,Cooper,83
Spike,Holmes,99
Harold,Walker,30
Dominik,Owens,55
Kellan,Rogers,97
Clark,Carroll,58
Antony,Brown,32
Chelsea,Richardson,59
Walter,Ellis,100
Kevin,Payne,38
Adele,Perkins,39
Jasmine,Myers,71
Fenton,Ryan,63
Naomi,Jones,22
Cherry,Wells,23
Carina,Thomas,48
Charlie,Murphy,102
Lucia,Morgan,102
Kimberly,Wright,17
Michael,Armstrong,12
Tyler,Russell,79
Caroline,Lloyd,79
William,Cameron,68
Charlotte,Reed,44
Kirsten,Anderson,60
Carina,Higgins,14
Haris,Cameron,55
Daniel,Hamilton,18
Kelsey,Morris,39
Sarah,Harper,41
Sam,Dixon,90
Adrian,Higgins,26
Oliver,Hunt,93
Florrie,Reed,56
Julian,Owens,78
Alan,Armstrong,93
Samantha,Sullivan,46
Oliver,Wells,4
April,Turner,89
James,Edwards,39
Vanessa,Gibson,80
Grace,Anderson,22
Miranda,Warren,19
Sabrina,Williams,28
Garry,Miller,87
Fiona,Johnson,36
Reid,Walker,16
Bruce,Payne,92
Jared,Bennett,11
Adrianna,Wilson,69
Daniel,Morrison,50
Ryan,Casey,7
Dexter,Grant,21
Alissa,Chapman,48
Sam,Higgins,11
Jordan,Wilson,86
Brooke,Barrett,42
Elise,Wright,1
Adele,Taylor,53
Haris,Evans,85
Daryl,Carter,83
Catherine,Thomas,25
Thomas,Roberts,36
Jessica,Ellis,23
Dominik,Kelley,32
Kelvin,Ferguson,52
Steven,Ellis,41
Oliver,Moore,33
Cadie,Williams,9
Aldus,Johnston,68
Freddie,Barnes,58
Ashton,Craig,19
James,Alexander,74
Ryan,Farrell,83
Kirsten,Morrison,62
Bruce,Barrett,90
Rafael,Murphy,98
Ellia,Montgomery,18
Adrian,Evans,34
Chester,Nelson,22
Frederick,Kelly,86
Ted,Hunt,80
Harold,Nelson,82
Oscar,Johnston,68
Arthur,Grant,93
Belinda,Casey,10
Kevin,Edwards,93
Jordan,Wright,18
Alexia,West,37
Roland,Hunt,61
Sarah,Elliott,18
Lucy,Richardson,95
Aldus,Turner,30
Andrew,Murphy,82
Robert,Ferguson,34
Alen,Clark,66
Justin,Moore,17
Natalie,Gray,3
Hailey,Scott,74
Caroline,Adams,37
Victor,Anderson,83
Miller,Turner,99
Jacob,Anderson,30
Eric,Scott,55
Haris,Spencer,97
Tiana,Murphy,58
Amelia,Moore,32
Joyce,Brown,59
Sofia,Morrison,100
Andrew,Hawkins,38
Kevin,Casey,39
Arianna,Roberts,71
Mike,Kelly,63
Victor,Ross,22
Tess,Hall,23
Haris,Thomas,48
Jasmine,Murray,102
Alen,Henderson,102
Alissa,Brown,17
Sydney,Cooper,12
Briony,Moore,79
Preston,Henderson,79
Victoria,Nelson,68
Grace,Carroll,44
Nicholas,Carroll,60
Adison,Adams,14
Mary,Higgins,55
Aida,Bailey,18
Vincent,Douglas,39
Bruce,Murphy,41
Elian,Scott,90
Rubie,Murphy,26
Carl,Montgomery,93
Stella,Thompson,56
Julian,Turner,78
Chelsea,Wilson,93
Ashton,Chapman,46
Victor,Jones,4
David,Reed,89
Ellia,Reed,39
Vanessa,Brown,80
Sophia,Hill,22
Ryan,Gibson,19
Isabella,Stevens,28
Byron,Mason,87
Grace,Thomas,36
Aida,Cameron,16
Vincent,Henderson,92
Abigail,Phillips,11
Adam,Perry,69
Heather,Bennett,50
Jenna,Edwards,7
Jordan,Turner,21
Julia,Crawford,48
Freddie,Stevens,11
Jessica,Fowler,86
Haris,West,42
Miller,Murray,1
Henry,Nelson,53
Roland,Hill,85
Alberta,Foster,83
Cadie,Payne,25
Lucy,Fowler,36
Valeria,Douglas,23
Dale,Ellis,32
Leonardo,Wells,52
Paul,Ferguson,41
Savana,Owens,33
Lyndon,Richardson,9
Stuart,Rogers,68
Lydia,Scott,58
Harold,Hamilton,19
Julia,Dixon,74
Jenna,Walker,83
Jack,Harrison,62
Amber,Howard,90
Owen,Cunningham,98
Edgar,Murphy,18
Maximilian,Sullivan,34
Dainton,Richards,22
Blake,Riley,86
Dale,Gray,80
Ned,Campbell,82
Amelia,Scott,68
Carlos,Foster,93
Alissa,Perkins,10
Cadie,Cameron,93
Cherry,Kelly,18
Spike,Alexander,37
Jacob,Jones,61
Sarah,Hamilton,18
Carina,Dixon,95
Hailey,Riley,30
Honey,Ferguson,82
Chloe,Craig,34
Isabella,West,66
Alisa,Wells,17
Rosie,Miller,3
Miranda,Adams,74
Max,Spencer,37
Anna,Cooper,83
Brooke,Stewart,99
Garry,Moore,30
Dominik,Hamilton,55
Albert,Mason,97
Charlotte,Harrison,58
Elise,Anderson,32
Nicole,Elliott,59
Ned,Parker,100
Alberta,Dixon,38
Natalie,Farrell,39
Rafael,Clark,71
Hailey,Jones,63
Alina,Howard,22
Alexander,Taylor,23
Gianna,Cameron,48
Maddie,Barnes,102
Aiden,Cameron,102
Myra,Miller,17
John,Holmes,12
Tess,Stevens,79
Miller,Bennett,79
Jasmine,Howard,68
Dominik,Wells,44
Sophia,Perry,60
Alisa,Reed,14
Max,Smith,55
Carl,Kelly,18
Audrey,Andrews,39
Dale,Howard,41
Paul,Harper,90
Aiden,Myers,26
Edith,Wells,93
Kelvin,Morgan,56
Alissa,Edwards,78
Sabrina,Spencer,93
Roman,Morris,46
Nicole,Morrison,4
Maya,Walker,89
Valeria,Armstrong,39
Melanie,Morgan,80
Camila,Taylor,22
Ellia,Perkins,19
Daisy,Thomas,28
Maddie,Richards,87
Oliver,Cole,36
Max,Fowler,16
Aiden,Higgins,92
Maya,Harper,11
Jacob,Reed,69
Miley,Nelson,50
Antony,Murray,7
Kelsey,Rogers,21
Stella,Murray,48
Kristian,Stevens,11
Melissa,Armstrong,86
Aldus,West,42
Haris,Crawford,1
Nicholas,Mitchell,53
Adrian,Scott,85
Evelyn,Cameron,83
Amanda,Clark,25
Maria,Baker,36
Alen,Parker,23
Deanna,Anderson,32
Elise,Cooper,52
Sawyer,Scott,41
Lydia,Parker,33
Roman,Anderson,9
Paul,Thomas,68
Fiona,Hamilton,58
Jessica,West,19
Charlotte,West,74
Rafael,Watson,83
Sam,Richards,62
Arthur,Adams,90
Rubie,Smith,98
Brad,Clark,18
