Brigitte,Anselmo,1979
Alberta,Carroll,1950
Valeria,Andrews,1990
Mary,Walker,1969
Roman,Thomas,1982
Adele,Montgomery,1982
Spike,Mason,1977
Edwin,Richards,1923
Alina,Evans,1999
Jenna,Reed,1927
Brad,Douglas,1969
Oliver,Jones,1927
Bruce,Barrett,1939
Dale,Parker,1955
Lucy,Baker,1987
Julian,Russell,1930
Amelia,Baker,1969
Kristian,Rogers,1928
Hailey,Crawford,1983
Lily,Miller,1945
Clark,Ross,1962
Rebecca,Williams,1975
Natalie,Hall,1927
Valeria,Farrell,1934
Steven,Turner,1924
Julian,Stewart,1974
Sophia,Bailey,1964
Sienna,Russell,1928
Amanda,Stevens,1923
Paul,Fowler,1974
Valeria,Robinson,1949
Sofia,Spencer,1929
Dainton,Davis,1928
Lucia,Elliott,1994
Martin,Johnston,1925
Myra,Allen,1970
Victoria,Tucker,1969
Robert,Morrison,1979
Paul,Riley,1969
Daryl,Smith,1968
Clark,Montgomery,1946
Sofia,Payne,1921
Lucia,Payne,1987
Michael,Morgan,1978
Paige,Mason,1929
Caroline,Roberts,1921
Deanna,Reed,1976
Tony,Roberts,1962
Melissa,Phillips,1963
Adrianna,Russell,1996
Garry,Perkins,1937
Lana,Higgins,1946
Kevin,Richards,1973
Samantha,Thomas,1934
Sienna,Hamilton,1928
James,Higgins,1996
Wilson,Taylor,1924
Ellia,Johnston,1927
Abraham,Cole,1968
Violet,Bennett,1945
Aldus,Johnston,1920
Lily,Carter,1991
John,Carter,1945
Agata,Scott,1996
Sienna,Sullivan,1969
Byron,Ryan,1997
Maximilian,Myers,1967
Naomi,Mason,1921
Dale,Cole,1920
Wilson,Thomas,1940
Alexia,Bailey,1937
Daryl,Hill,1988
Lucia,Jones,1952
Jenna,Nelson,1987
Amber,Cunningham,1944
Kelvin,Grant,1971
Carlos,Cooper,1985
Alexander,Perry,1990
Joyce,Fowler,1979
Rebecca,Morris,1989
James,Mitchell,1956
Preston,Andrews,1992
Henry,Hill,1985
Carina,Thompson,1937
Ryan,Craig,1961
Wilson,Sullivan,1974
Hailey,Gibson,1982
Julia,Murphy,1946
Stuart,Perry,1977
Amelia,Morrison,1927
David,Stewart,1933
Martin,Ryan,1965
Dominik,Allen,1999
Caroline,Allen,1936
Sabrina,Barnes,1943
Michael,Grant,1984
Adrianna,Evans,1932
Maya,Clark,1978
Belinda,Jones,1928
Byron,Edwards,1982
Michelle,Henderson,1997
Daisy,Perry,1941
Wilson,Thompson,1924
Michael,Douglas,1945
Albert,Brooks,1976
George,Ryan,1977
Nicholas,Foster,1994
Kelvin,Barrett,1972
Mike,Riley,1963
Michelle,Douglas,1983
Adrian,Casey,1958
Haris,Chapman,1926
Jack,Cole,1970
Fenton,Evans,1963
Roland,Baker,1931
Lenny,Myers,1929
Eric,Smith,1920
Tyler,Hawkins,1983
Melissa,Bailey,1927
Antony,Turner,1972
Vincent,Williams,1984
Jacob,Kelly,1978
Frederick,Campbell,1992
Evelyn,Riley,1944
Tyler,Elliott,1996
Alexia,Edwards,1926
Arianna,Jones,1986
Oliver,Fowler,1943
Jasmine,Ross,1999
Walter,Ross,1990
Sam,Tucker,1969
Roland,Murray,1930
Amy,Carter,1971
Michelle,Ross,1943
Rafael,Hall,1968
Edgar,Campbell,1933
Tyler,Ryan,1940
Kevin,Elliott,1990
Stella,Thompson,1968
James,Moore,1952
Jacob,Ryan,1940
Emily,Ross,1974
Ryan,Harper,1985
Alexia,Reed,1977
Vanessa,Adams,1953
Kevin,Carter,1954
Audrey,Craig,1923
Natalie,Johnson,1948
Isabella,Foster,1995
Carl,Warren,1921
Miley,Warren,1923
Roman,Morrison,1965
Daryl,Edwards,1921
Nicole,Hunt,1994
Leonardo,Andrews,1953
Eddy,Anderson,1970
Briony,Allen,1998
Agata,Hunt,1982
Martin,Stewart,1955
Lucas,Wilson,1999
Jordan,Ellis,1951
Cadie,Thomas,1990
Miller,Payne,1921
Cherry,Watson,1934
Clark,Cameron,1992
Nicholas,Hamilton,1982
Kristian,Smith,1952
Adele,Payne,1986
Carl,Murphy,1956
Ada,Hall,1970
Alberta,Tucker,1922
Rafael,Clark,1930
Andrew,Barnes,1947
Naomi,Johnston,1966
Savana,Carter,1971
Tiana,Payne,1954
Chelsea,Allen,1983
Blake,Wilson,1943
Jenna,Davis,1941
Jenna,Ferguson,1921
Lilianna,Lloyd,1992
Jordan,Gray,1983
Adrian,Harris,1971
Byron,Higgins,1979
Honey,Brown,1943
Anna,Cole,1950
Grace,Edwards,1982
Amanda,Hamilton,1985
Max,Gray,1984
Eric,Allen,1969
Myra,Cole,1940
Ned,Carter,1930
Amelia,Elliott,1995
Patrick,Morgan,1982
Rubie,Gibson,1982
Adrian,Stewart,1990
Tony,Murphy,1954
Tyler,Johnston,1998
Catherine,Ferguson,1958
Heather,Rogers,1939
Ryan,Wilson,1999
Fenton,Campbell,1987
Kellan,Watson,1974
Violet,Harrison,1930
Caroline,Wilson,1985
Alisa,Sullivan,1939
Sofia,Wells,1931
John,Riley,1991
Vanessa,Clark,1998
Violet,Cole,1991
Heather,Hamilton,1950
Valeria,Roberts,1988
Jenna,Harper,1965
Owen,Harper,1972
Kimberly,Edwards,1972
Melissa,Brooks,1931
Harold,Elliott,1934
Naomi,Holmes,1927
Richard,Moore,1973
Tony,Evans,1952
Ashton,Cameron,1988
Brooke,Casey,1941
Stella,Tucker,1947
Florrie,Hamilton,1945
Lucia,West,1952
Lucas,Kelly,1999
Victor,Johnston,1934
Lenny,Andrews,1930
Sofia,Dixon,1960
Mary,Mason,1938
Joyce,Davis,1953
David,Evans,1966
Sawyer,Scott,1967
Thomas,Hill,1995
Stuart,Gibson,1924
Aida,Hunt,1955
Arthur,Cole,1925
Walter,Warren,1959
Oscar,Stevens,1934
Victor,Wright,1968
Clark,Hall,1999
Garry,Alexander,1981
Derek,Brooks,1943
Kirsten,Hill,1923
Preston,Brooks,1924
Adam,Watson,1971
Vivian,Farrell,1960
Chester,Montgomery,1987
Tara,Campbell,1983
Garry,Gibson,1998
Rafael,Howard,1968
Sophia,Stewart,1962
Lenny,Hunt,1935
Daniel,Cole,1983
Alberta,Morris,1998
Jordan,Kelly,1940
Sydney,Nelson,1944
Ted,Cameron,1959
James,Gray,1942
Michael,Sullivan,1996
Sam,Armstrong,1986
Martin,Cole,1953
Myra,Cooper,1978
Valeria,Allen,1939
Tyler,Howard,1988
Abraham,Brooks,1977
Anna,Howard,1998
Ellia,Johnston,1975
Samantha,Farrell,1991
Naomi,Campbell,1987
Leonardo,Cooper,1943
Carl,Douglas,1947
Charlotte,Farrell,1968
Roman,Dixon,1952
Anna,Chapman,1966
Isabella,Howard,1992
Henry,Ross,1996
Lucia,Ross,1992
Mary,Wright,1988
Isabella,Ellis,1966
Ashton,Watson,1964
Valeria,Scott,1940
Lyndon,Richards,1924
Tyler,Scott,1970
Tyler,Watson,1936
Preston,Ellis,1939
Jared,Thomas,1993
Steven,Ross,1941
Steven,Casey,1998
Harold,Reed,1960
Daniel,Ferguson,1992
Heather,Morris,1955
David,Douglas,1929
Martin,West,1925
Lily,Jones,1971
Edwin,Rogers,1989
Miley,Higgins,1949
Honey,Nelson,1925
Reid,Reed,1960
Belinda,Ferguson,1975
Sydney,Hamilton,1964
Michelle,Chapman,1978
Olivia,Craig,1953
Vanessa,Watson,1941
Rafael,Perkins,1978
Jessica,Wright,1951
Dainton,Armstrong,1970
Kirsten,Miller,1977
Bruce,Hall,1964
Lana,Adams,1950
Thomas,Morris,1996
Alexander,Fowler,1920
Brad,Craig,1965
Cherry,Warren,1942
Sydney,Stewart,1951
Sam,Campbell,1976
Alford,Howard,1955
Carina,Rogers,1999
Daniel,Stevens,1988
Rubie,Lloyd,1927
Adrianna,Riley,1995
Adele,Evans,1986
Maria,Martin,1976
Alan,Watson,1933
Freddie,Richards,1984
Alford,Wells,1990
Thomas,Mason,1968
Amy,Walker,1994
Bruce,Grant,2000
Aston,Taylor,1938
April,Hunt,1984
Julian,Douglas,1949
Maria,Chapman,1930
Florrie,Jones,1939
Edwin,Stevens,1969
Lucy,Sullivan,1992
Alberta,Stevens,1973
Brooke,Fowler,1991
Aldus,Montgomery,1934
Sydney,Higgins,1971
Florrie,Hawkins,1988
Penelope,Craig,1923
Brad,Perry,1950
Preston,Barrett,1997
Valeria,Bailey,1963
Audrey,Harper,1963
Rebecca,Miller,1988
Lucy,Douglas,1978
Wilson,Elliott,1976
Stella,Hawkins,1924
Richard,Nelson,1932
Valeria,Morgan,1943
Alexander,Hall,1977
Miranda,Martin,1999
Nicole,Wright,1990
Elise,Harris,1987
Audrey,Casey,1960
Lucas,Hill,1991
Grace,Richards,1996
Valeria,Parker,1940
Rubie,Warren,1993
Kristian,Hunt,1960
Carina,Roberts,1964
Justin,Ross,1974
Stella,Reed,1947
Brad,Bennett,1997
Adele,Morgan,1926
Jasmine,Wilson,1920
Jacob,Rogers,1944
Ryan,Tucker,1960
Arianna,Crawford,1967
Martin,Reed,1956
Dominik,Armstrong,1955
Jordan,Chapman,1959
Lyndon,Wright,1983
Arthur,Stewart,1959
Abraham,Thomas,1935
Alexander,Casey,1945
Oliver,Myers,1943
Aldus,Armstrong,1941
Hailey,Andrews,1989
Frederick,Hill,1931
Tiana,Cole,1989
Melissa,Tucker,1979
Charlotte,Stewart,1938
Garry,Warren,1954
Brad,Hawkins,1938
Ryan,Morgan,1966
Jacob,Cunningham,1989
Adele,Cunningham,1920
Alina,Smith,1988
Marcus,Moore,1966
Miranda,Morgan,1921
Victor,Hamilton,1938
Florrie,Wells,1949
Henry,Cooper,1926
Edgar,Russell,1973
Alen,Craig,1929
Rebecca,Baker,1940
Ted,Walker,1961
Jasmine,Ryan,1961
Kelsey,Tucker,1962
Aston,Carter,1929
Sienna,Grant,1985
Deanna,Sullivan,1952
Abraham,Ross,1936
Thomas,Walker,1999
Lily,Stevens,1988
Lucia,Johnston,1932
Sarah,Armstrong,1926
Maddie,Barrett,1998
Lucy,Kelley,1955
Deanna,Myers,1943
Brad,Fowler,1927
Sophia,Miller,1934
Adelaide,Roberts,1926
Grace,Baker,1938
Daniel,Martin,1923
Dale,Mitchell,1936
Lilianna,Thompson,1996
Rubie,Ryan,1932
Myra,Taylor,1963
Ada,Martin,1991
Valeria,Douglas,1983
Garry,Owens,1977
Kimberly,Kelley,1995
Ned,Tucker,1977
Oscar,Mitchell,1995
Rubie,Scott,1920
Melanie,Richards,1964
Amanda,Perry,1989
Sofia,Clark,1932
Samantha,Holmes,1979
Carl,Harris,1935
Julian,Harrison,1985
Michael,Allen,1957
Bruce,Jones,1938
Ted,Morgan,1946
Adrianna,Myers,1965
Vanessa,Smith,1979
Evelyn,Myers,1943
James,Lloyd,1974
Jack,Russell,1924
Amy,Montgomery,1949
Lucia,Craig,1978
Lyndon,Williams,1997
Vanessa,Carroll,1996
Michael,Morrison,1955
Vanessa,Russell,1939
Maximilian,Edwards,1986
Daniel,Payne,1952
Kelvin,Harper,1944
Martin,Wright,1940
Alan,Lloyd,1972
Lydia,Reed,1968
Rafael,Murray,1952
Mary,Cole,1965
Chelsea,Payne,1997
Paul,Alexander,1935
Emma,Chapman,1985
Roman,Allen,1949
Carina,Reed,1931
Maximilian,Adams,1934
Lenny,Hall,1993
Lana,Brown,1942
Kate,Cameron,1954
Kellan,Wells,1964
Cherry,Cooper,1944
Ada,Rogers,1939
Amy,Roberts,1945
Edith,West,1989
Andrew,Rogers,1979
Blake,Casey,1939
Olivia,Kelley,1924
Melanie,Rogers,1948
Kimberly,Evans,1979
Oscar,Carroll,1963
Lydia,Howard,1975
Melissa,Thompson,1975
Brianna,Turner,1968
Victor,Alexander,1984
Dominik,Johnston,1933
Jared,Rogers,1941
Carlos,Johnston,1985
Olivia,Thomas,1981
Honey,Stevens,1948
Fiona,Roberts,1986
Bruce,Kelley,1936
Eddy,Hawkins,1942
Martin,Harper,1996
Jacob,Gibson,1955
Alberta,Jones,1971
Carina,Casey,1929
Emily,Taylor,1939
Carlos,Roberts,1977
Ada,Perkins,1929
Luke,Riley,1930
Alexander,Morgan,1960
Harold,Scott,1965
Florrie,Cole,1924
Derek,Cole,1931
Adam,Lloyd,1959
James,Hill,1983
Alan,Hunt,1951
Antony,Thompson,1945
Thomas,Wells,1959
Chelsea,Myers,1985
Charlotte,Jones,1945
Daisy,Davis,1966
Rebecca,Lloyd,1990
Aida,Watson,1935
Deanna,Allen,1952
Adam,Rogers,1962
Chelsea,Smith,1945
Chester,Henderson,1924
Ellia,Barnes,1980
Kristian,Thomas,1972
John,Walker,1978
Edward,Cole,1932
Chelsea,Casey,1933
Penelope,Carroll,1989
Alisa,Cooper,1965
Reid,Evans,1938
Haris,Chapman,1978
Deanna,Grant,1984
Brad,Cunningham,1945
Clark,Reed,1979
Kellan,Adams,1968
Lucia,Harrison,1956
Rubie,Payne,1933
Maximilian,Roberts,1923
Madaline,Mitchell,1942
Alexia,Thomas,1944
Brad,Henderson,1999
Dainton,Ellis,1955
William,Johnson,1942
April,Adams,2000
Jessica,Anderson,1968
Adrianna,Scott,1934
Roman,Robinson,1938
Abigail,Turner,1998
Abraham,Walker,1964
Sabrina,Hawkins,1924
Alen,Richardson,1952
Alan,Gibson,1934
Carl,Lloyd,1985
Emma,Mitchell,1989
Tess,Foster,1973
Preston,Smith,1969
Brad,Scott,1974
Adison,Alexander,1956
Byron,Roberts,1986
Fiona,Watson,1940
Audrey,Hamilton,1990
Isabella,Kelly,1987
Vivian,Cameron,1968
Sarah,Morris,1979
Amanda,Anderson,1984
Lucia,Chapman,1983
Clark,Riley,1926
Elian,Kelley,1977
Alford,Ross,1994
Paige,Riley,1948
Adelaide,Mason,1931
Arthur,Nelson,1962
Kimberly,Bennett,1987
Elise,Murphy,1963
Vincent,Hunt,1938
Jacob,Hawkins,1939
Ada,Williams,1942
John,Ross,1947
Rebecca,Harper,1976
Edith,Murphy,1923
Heather,Jones,1991
Daniel,Ellis,1924
Amber,Kelly,1993
Bruce,Miller,1980
Derek,Henderson,1952
Mary,Cunningham,1988
Daryl,Brown,1954
Sofia,Walker,1990
Myra,Walker,1996
Emily,Higgins,1944
Charlie,Stevens,1953
Miller,Armstrong,1920
Emma,Foster,1987
Sawyer,Edwards,1977
Florrie,Elliott,1935
Kristian,Phillips,1958
Kimberly,Nelson,1993
Abraham,Payne,1971
Wilson,Richardson,1947
Kelsey,Ellis,1953
Alina,Morris,1983
Cherry,Hawkins,1987
Adam,Clark,1954
Richard,Morris,1953
Caroline,Murray,1944
Brad,Ross,1948
Robert,Hall,1977
Miller,Brooks,1961
Byron,Robinson,1972
Isabella,Holmes,1955
Aida,Ellis,1988
Albert,Ferguson,1959
Brianna,Hall,1983
Honey,Ross,1953
Preston,Nelson,1948
Charlotte,Cunningham,1925
Florrie,Cole,1926
Jared,Elliott,1982
Henry,Hall,1994
Jack,Crawford,1923
Jessica,Evans,1985
Thomas,Ferguson,1974
Audrey,Morgan,1921
Alina,Dixon,1986
Kirsten,Brooks,1940
Abigail,Brown,1952
Vanessa,Thompson,1984
Justin,Hill,1936
Cadie,Gibson,1993
Byron,Moore,1962
Florrie,Scott,1930
Edward,Armstrong,1939
Andrew,Walker,1929
Derek,Mitchell,1970
Fiona,Richardson,1950
Arnold,Howard,1962
Adison,Hill,1944
Alford,Barrett,1939
Alford,Cameron,1945
Catherine,Elliott,1966
Daryl,Fowler,1995
Adrian,Casey,1951
Heather,Chapman,1980
Amelia,Sullivan,1973
James,Rogers,1936
Aida,Thomas,1960
Alan,Bennett,1936
Alexander,Hall,1949
Garry,Casey,1982
James,Bailey,1979
Anna,Richardson,1954
Valeria,Montgomery,1945
Amber,Morgan,1934
Paige,Nelson,1978
Lily,Foster,1955
Melanie,Thompson,1975
Oscar,Wilson,1997
Miller,Sullivan,1961
Byron,Campbell,1961
David,Chapman,1992
Arnold,Higgins,1955
Lyndon,Tucker,1993
Nicole,Montgomery,1922
Eleanor,Parker,1956
Richard,Williams,1920
Miranda,Barnes,1927
Daniel,Williams,1989
Dexter,Anderson,1975
David,Foster,1996
Jasmine,Montgomery,1927
Brooke,Jones,1939
Dexter,Owens,1951
Gianna,Robinson,1962
Emily,Kelley,1997
Adrianna,Moore,1977
Aida,Parker,1950
Tiana,Myers,1947
Lily,Campbell,1958
Joyce,Nelson,1983
Camila,Thompson,1957
Anna,Murray,1963
Camila,Grant,1933
Martin,Alexander,1928
Honey,Hill,1969
Owen,Hall,1966
Sawyer,Howard,1969
Miranda,Stewart,1967
Ashton,Johnson,1931
Daryl,Stevens,1972
Abraham,Miller,1952
William,Howard,1977
Frederick,Crawford,1962
Luke,Hall,1976
Alen,Turner,1989
Sofia,Stewart,1937
Fiona,West,1973
Max,Thomas,1988
Alfred,Brooks,1993
Mike,Dixon,1920
Michael,Owens,1949
Anna,Owens,1987
Miley,Hall,1928
Alexander,Scott,1920
Daniel,Cole,1984
Adison,Higgins,1921
Kevin,Lloyd,1966
Edward,Hamilton,1930
Lyndon,Mason,1946
Adison,Craig,1928
Aiden,Barnes,1955
Sienna,Andrews,1958
Jasmine,Cameron,1964
Antony,Owens,1944
Briony,Reed,1921
Kirsten,Elliott,1971
Maddie,Farrell,1976
Arnold,Murphy,1924
Patrick,Johnson,1970
Frederick,Cameron,1968
Paige,Warren,1934
Joyce,Payne,1967
Maddie,Alexander,1947
Leonardo,Armstrong,1959
Tiana,Russell,1962
Richard,Turner,1989
Thomas,Grant,1999
Anna,Andrews,1973
Jared,Ellis,1998
Alen,Kelly,2000
Edwin,Cooper,2000
Spike,Holmes,1930
Harold,Walker,1937
Dominik,Owens,1985
Kellan,Rogers,1939
Clark,Carroll,1932
Antony,Brown,1937
Chelsea,Richardson,1972
Walter,Ellis,1997
Kevin,Payne,1929
Adele,Perkins,1933
Jasmine,Myers,1982
Fenton,Ryan,1999
Naomi,Jones,1940
Cherry,Wells,1995
Carina,Thomas,1969
Charlie,Murphy,1933
Lucia,Morgan,1932
Kimberly,Wright,1982
Michael,Armstrong,1926
Tyler,Russell,1959
Caroline,Lloyd,1973
William,Cameron,1944
Charlotte,Reed,1937
Kirsten,Anderson,1935
Carina,Higgins,1977
Haris,Cameron,1934
Daniel,Hamilton,2000
Kelsey,Morris,1932
Sarah,Harper,1983
Sam,Dixon,1979
Adrian,Higgins,1925
Oliver,Hunt,1961
Florrie,Reed,1947
Julian,Owens,1982
Alan,Armstrong,1999
Samantha,Sullivan,1961
Oliver,Wells,1966
April,Turner,1923
James,Edwards,1938
Vanessa,Gibson,1985
Grace,Anderson,1956
Miranda,Warren,1945
Sabrina,Williams,1973
Garry,Miller,1937
Fiona,Johnson,1938
Reid,Walker,1962
Bruce,Payne,1982
Jared,Bennett,1968
Adrianna,Wilson,1943
Daniel,Morrison,1985
Ryan,Casey,1930
Dexter,Grant,1939
Alissa,Chapman,1944
Sam,Higgins,1939
Jordan,Wilson,1926
Brooke,Barrett,1965
Elise,Wright,1965
Adele,Taylor,1926
Haris,Evans,1994
Daryl,Carter,1936
Catherine,Thomas,1920
Thomas,Roberts,1935
Jessica,Ellis,1996
Dominik,Kelley,1969
Kelvin,Ferguson,1937
Steven,Ellis,1984
Oliver,Moore,1966
Cadie,Williams,1979
Aldus,Johnston,1939
Freddie,Barnes,1990
Ashton,Craig,1966
James,Alexander,1966
Ryan,Farrell,1975
Kirsten,Morrison,1975
Bruce,Barrett,1988
Rafael,Murphy,1976
Ellia,Montgomery,1952
Adrian,Evans,1998
Chester,Nelson,1961
Frederick,Kelly,1975
Ted,Hunt,1971
Harold,Nelson,1990
Oscar,Johnston,1967
Arthur,Grant,1961
Belinda,Casey,1967
Kevin,Edwards,1940
Jordan,Wright,1939
Alexia,West,1923
Roland,Hunt,1947
Sarah,Elliott,1955
Lucy,Richardson,1978
Aldus,Turner,1952
Andrew,Murphy,1968
Robert,Ferguson,1982
Alen,Clark,1921
Justin,Moore,1931
Natalie,Gray,1973
Hailey,Scott,1953
Caroline,Adams,1927
Victor,Anderson,1934
Miller,Turner,1982
Jacob,Anderson,1952
Eric,Scott,1977
Haris,Spencer,1948
Tiana,Murphy,1976
Amelia,Moore,1961
Joyce,Brown,1986
Sofia,Morrison,1981
Andrew,Hawkins,1999
Kevin,Casey,1980
Arianna,Roberts,1932
Mike,Kelly,1982
Victor,Ross,1997
Tess,Hall,1956
Haris,Thomas,1970
Jasmine,Murray,1980
Alen,Henderson,1921
Alissa,Brown,1982
Sydney,Cooper,1971
Briony,Moore,1954
Preston,Henderson,1993
Victoria,Nelson,1950
Grace,Carroll,1963
Nicholas,Carroll,1992
Adison,Adams,1996
Mary,Higgins,1937
Aida,Bailey,1926
Vincent,Douglas,1945
Bruce,Murphy,1997
Elian,Scott,1990
Rubie,Murphy,1941
Carl,Montgomery,1974
Stella,Thompson,1999
Julian,Turner,1985
Chelsea,Wilson,1923
Ashton,Chapman,1956
Victor,Jones,1933
David,Reed,1935
Ellia,Reed,1990
Vanessa,Brown,1940
Sophia,Hill,1951
Ryan,Gibson,1938
Isabella,Stevens,1922
Byron,Mason,1965
Grace,Thomas,1974
Aida,Cameron,1931
Vincent,Henderson,1987
Abigail,Phillips,1944
Adam,Perry,1974
Heather,Bennett,1938
Jenna,Edwards,1967
Jordan,Turner,1950
Julia,Crawford,1950
Freddie,Stevens,1957
Jessica,Fowler,1986
Haris,West,1952
Miller,Murray,1961
Henry,Nelson,1980
Roland,Hill,1973
Alberta,Foster,1942
Cadie,Payne,1955
Lucy,Fowler,1928
Valeria,Douglas,1972
Dale,Ellis,1937
Leonardo,Wells,1992
Paul,Ferguson,1981
Savana,Owens,1922
Lyndon,Richardson,1998
Stuart,Rogers,1972
Lydia,Scott,2000
Harold,Hamilton,1945
Julia,Dixon,1984
Jenna,Walker,1994
Jack,Harrison,1957
Amber,Howard,1922
Owen,Cunningham,1977
Edgar,Murphy,1966
Maximilian,Sullivan,1994
Dainton,Richards,1974
Blake,Riley,1981
Dale,Gray,1995
Ned,Campbell,1997
Amelia,Scott,1931
Carlos,Foster,1924
Alissa,Perkins,1976
Cadie,Cameron,1969
Cherry,Kelly,1985
Spike,Alexander,1926
Jacob,Jones,1948
Sarah,Hamilton,1942
Carina,Dixon,1921
Hailey,Riley,1926
Honey,Ferguson,1987
Chloe,Craig,1986
Isabella,West,1998
Alisa,Wells,1972
Rosie,Miller,1937
Miranda,Adams,1932
Max,Spencer,1939
Anna,Cooper,1997
Brooke,Stewart,1936
Garry,Moore,1991
Dominik,Hamilton,1986
Albert,Mason,1956
Charlotte,Harrison,1967
Elise,Anderson,1985
Nicole,Elliott,1993
Ned,Parker,1961
Alberta,Dixon,1924
Natalie,Farrell,1994
Rafael,Clark,1970
Hailey,Jones,1976
Alina,Howard,1984
Alexander,Taylor,1946
Gianna,Cameron,1989
Maddie,Barnes,1966
Aiden,Cameron,1955
Myra,Miller,1962
John,Holmes,1953
Tess,Stevens,1972
Miller,Bennett,1969
Jasmine,Howard,1945
Dominik,Wells,1963
Sophia,Perry,1946
Alisa,Reed,1964
Max,Smith,1958
Carl,Kelly,1928
Audrey,Andrews,1955
Dale,Howard,1984
Paul,Harper,1987
Aiden,Myers,1991
Edith,Wells,1948
Kelvin,Morgan,1968
Alissa,Edwards,1957
Sabrina,Spencer,1995
Roman,Morris,1970
Nicole,Morrison,1949
Maya,Walker,1970
Valeria,Armstrong,1947
Melanie,Morgan,1958
Camila,Taylor,1993
Ellia,Perkins,1969
Daisy,Thomas,1983
Maddie,Richards,1963
Oliver,Cole,1985
Max,Fowler,1974
Aiden,Higgins,1924
Maya,Harper,1949
Jacob,Reed,1922
Miley,Nelson,1946
Antony,Murray,1983
Kelsey,Rogers,1990
Stella,Murray,1991
Kristian,Stevens,1977
Melissa,Armstrong,1952
Aldus,West,2000
Haris,Crawford,1993
Nicholas,Mitchell,1993
Adrian,Scott,1941
Evelyn,Cameron,1929
Amanda,Clark,1969
Maria,Baker,1933
Alen,Parker,1950
Deanna,Anderson,1977
Elise,Cooper,1944
Sawyer,Scott,1960
Lydia,Parker,1974
Roman,Anderson,1976
Paul,Thomas,1945
Fiona,Hamilton,1981
Jessica,West,1960
Charlotte,West,1983
Rafael,Watson,1987
Sam,Richards,1978
Arthur,Adams,1998
Rubie,Smith,2000
Brad,Clark,1946
